{
  "type": "minecraft:chest",
  "pools": [
    {
      "rolls": {
        "min": 1,
        "max": 2,
        "type": "minecraft:uniform"
      },
      "entries": [
        {
          "type": "minecraft:item",
          "weight": 18,
          "functions": [
            {
              "function": "minecraft:set_count",
              "count": {
                "min": 1,
                "max": 2,
                "type": "minecraft:uniform"
              }
            }
          ],
          "name": "kubejs:damaged_electric_motor"
        },
        {
          "type": "minecraft:item",
          "weight": 18,
          "functions": [
            {
              "function": "minecraft:set_count",
              "count": {
                "min": 1,
                "max": 2,
                "type": "minecraft:uniform"
              }
            }
          ],
          "name": "kubejs:damaged_camera"
        },
        {
          "type": "minecraft:item",
          "weight": 12,
          "name": "kubejs:damaged_circuit_board"
        },
        {
          "type": "minecraft:item",
          "weight": 12,
          "name": "kubejs:burnt_circuit_board"
        },
		{
          "type": "minecraft:item",
          "weight": 3,
          "name": "kubejs:damaged_gpu"
        },
		{
          "type": "minecraft:item",
          "weight": 1,
          "name": "kubejs:broken_robot_1"
        },
        {
          "type": "minecraft:item",
          "weight": 1,
          "name": "kubejs:broken_robot_2"
        }
      ]
    }
  ]
}