{
  "icon": {
    "type": "combined",
    "base": "minecraft:crafting_table",
    "small": "minecraft:furnace_minecart"
  },
  "category": "frostedheart:production",
  "parents": [
    "multiblock_structure"
  ],
  "clues": [
    {
      "type": "game",
      "value": 0.5,
      "id": "f3af54c6b0d84815",
      "required": true,
      "level": 1
    },
    {
      "type": "item",
      "value": 0.2,
      "id": "3e6e9fb157064a7a",
      "item": {
        "count": 4,
        "base_ingredient": {
          "item": "kubejs:servo_core"
        }
      },
      "consume": true
    },
    {
      "type": "item",
      "value": 0.2,
      "id": "a70cbec6cf3e4cba",
      "item": {
        "count": 2,
        "base_ingredient": {
          "item": "kubejs:servo_core"
        }
      },
      "consume": true
    }
  ],
  "ingredients": [
    {
      "count": 2,
      "base_ingredient": {
        "item": "kubejs:servo_core"
      }
    }
  ],
  "effects": [
    {
      "type": "multiblock",
      "icon": "immersiveengineering:assembler",
      "id": "a926e6d9bfeb471e",
      "multiblock": "immersiveengineering:multiblocks/assembler"
    }
  ],
  "points": 6000,
  "showAltDesc": true
}