{
  "icon": "rankine:beehive_oven_pit",
  "category": "frostedheart:production",
  "parents": [
    "mixer"
  ],
  "clues": [
    {
      "type": "game",
      "value": 0.5,
      "id": "78b7a83e73604773",
      "required": true,
      "level": 0
    },
    {
      "type": "item",
      "value": 0.25,
      "id": "591565561ada4f82",
      "item": {
        "count": 4,
        "base_ingredient": {
          "item": "rankine:fire_clay_ball"
        }
      }
    },
    {
      "type": "item",
      "value": 0.25,
      "id": "e847a344710f424e",
      "item": {
        "count": 8,
        "base_ingredient": {
          "item": "rankine:quicklime"
        }
      },
      "consume": true
    }
  ],
  "ingredients": [
    {
      "item": "kubejs:flux"
    },
    {
      "tag": "minecraft:coals"
    }
  ],
  "effects": [
    {
      "type": "recipe",
      "id": "4ef793f89d4346ad",
      "item": "rankine:beehive_oven_pit"
    }
  ],
  "points": 1500,
  "showAltDesc": true
}