{
  "icon": "immersiveengineering:blast_furnace",
  "category": "frostedheart:production",
  "parents": [
    "mixer"
  ],
  "clues": [
    {
      "type": "game",
      "value": 0.5,
      "id": "7b0380fa39924e97",
      "required": true,
      "level": 0
    },
    {
      "type": "item",
      "value": 0.25,
      "id": "8990547adf2b4f07",
      "item": {
        "count": 4,
        "base_ingredient": {
          "item": "rankine:invar_ingot"
        }
      }
    },
    {
      "type": "item",
      "value": 0.25,
      "id": "67c2d1728d8a4af1",
      "item": {
        "count": 4,
        "base_ingredient": {
          "item": "rankine:fire_clay_ball"
        }
      }
    }
  ],
  "ingredients": [
    {
      "item": "rankine:refractory_bricks"
    }
  ],
  "effects": [
    {
      "type": "multiblock",
      "icon": "immersiveengineering:blast_furnace",
      "id": "8a9d01be7d574eaa",
      "multiblock": "immersiveengineering:multiblocks/blast_furnace"
    },
    {
      "type": "recipe",
      "id": "7a59b074753747e6",
      "item": "immersiveengineering:blastbrick"
    }
  ],
  "points": 1500,
  "showAltDesc": true
}