{
  "icon": "create:electron_tube",
  "category": "frostedheart:production",
  "parents": [
    "simple_machines"
  ],
  "clues": [
    {
      "type": "game",
      "value": 0.5,
      "id": "38231bf8830e4daf",
      "required": true,
      "level": 1
    },
    {
      "type": "item",
      "value": 0.5,
      "id": "a12cd0b816d46ff",
      "item": {
        "item": "create:polished_rose_quartz"
      }
    }
  ],
  "ingredients": [
    {
      "count": 2,
      "base_ingredient": {
        "item": "minecraft:quartz"
      }
    },
    {
      "count": 8,
      "base_ingredient": {
        "item": "minecraft:redstone"
      }
    }
  ],
  "effects": [
    {
      "type": "recipe",
      "id": "7f09f15f3749468c",
      "item": "create:deployer"
    },
    {
      "type": "recipe",
      "id": "41c6c03849954567",
      "item": "create:mechanical_arm"
    },
    {
      "type": "recipe",
      "id": "b57d5551a07844b1",
      "item": "create:electron_tube"
    }
  ],
  "points": 1750,
  "showAltDesc": true
}