{
  "icon": "engineersdecor:small_tree_cutter",
  "category": "frostedheart:ars",
  "parents": [
    "crucible"
  ],
  "clues": [
    {
      "type": "game",
      "value": 0.5,
      "id": "f951dd580614a9b",
      "level": 1
    },
    {
      "type": "item",
      "value": 0.25,
      "id": "23c322140e10469a",
      "item": {
        "count": 4,
        "base_ingredient": {
          "item": "kubejs:servo_core"
        }
      },
      "consume": true
    },
    {
      "type": "item",
      "value": 0.1875,
      "id": "847c42f8b9124bf8",
      "item": {
        "count": 16,
        "base_ingredient": {
          "item": "immersiveengineering:circuit_board"
        }
      },
      "consume": true
    }
  ],
  "ingredients": [
    {
      "count": 2,
      "base_ingredient": {
        "item": "immersiveengineering:circuit_board"
      }
    },
    {
      "count": 8,
      "base_ingredient": {
        "item": "immersiveengineering:wirecoil_copper"
      }
    }
  ],
  "effects": [
    {
      "type": "recipe",
      "id": "d6f2d442e8fe4510",
      "item": "engineersdecor:factory_hopper"
    },
    {
      "type": "recipe",
      "id": "295d3e9a2e6d422b",
      "item": "engineersdecor:small_tree_cutter"
    }
  ],
  "points": 4000,
  "showAltDesc": true
}