{
  "icon": "immersiveengineering:ethanol_bucket",
  "category": "frostedheart:production",
  "parents": [
    "multiblock_structure"
  ],
  "clues": [
    {
      "type": "game",
      "value": 0.4,
      "id": "b96eebcdeb1c4689",
      "required": true,
      "level": 1
    },
    {
      "type": "game",
      "value": 0.2,
      "id": "b037c0a7614e4529",
      "level": 1
    },
    {
      "type": "item",
      "value": 0.2,
      "id": "855b10d626a345e8",
      "item": {
        "count": 4,
        "base_ingredient": {
          "item": "kubejs:servo_core"
        }
      },
      "consume": true
    },
    {
      "type": "item",
      "value": 0.1,
      "id": "9f1126abf5f44cbf",
      "item": {
        "count": 2,
        "base_ingredient": {
          "item": "kubejs:servo_core"
        }
      },
      "consume": true
    }
  ],
  "ingredients": [
    [
      {
        "item": "minecraft:sugar_cane"
      },
      {
        "item": "minecraft:apple"
      },
      {
        "item": "minecraft:potato"
      },
      {
        "item": "minecraft:melon_slice"
      },
      {
        "item": "minecraft:beetroot"
      }
    ],
    {
      "count": 4,
      "base_ingredient": {
        "item": "charcoal_pit:straw"
      }
    },
    {
      "count": 2,
      "base_ingredient": {
        "item": "kubejs:servo_core"
      }
    }
  ],
  "effects": [
    {
      "type": "multiblock",
      "icon": "immersiveengineering:fermenter",
      "id": "2c104e5484a04ea7",
      "multiblock": "immersiveengineering:multiblocks/fermenter"
    }
  ],
  "points": 6000,
  "showAltDesc": true
}