{
  "name": "@",
  "icon": {
    "type": "combined",
    "base": "frostedheart:generator_t2",
    "small": {
      "type": "internal",
      "name": "plus"
    }
  },
  "category": "frostedheart:rescue",
  "parents": [
    "generator_T2",
    "generator_efficiency_1",
    "car_kiln"
  ],
  "clues": [
    {
      "type": "game",
      "value": 0.3,
      "id": "329ff964fd8d48e6",
      "required": true,
      "level": 1
    },
    {
      "type": "game",
      "value": 0.2,
      "id": "eae3cf21fb6d4c68",
      "level": 1
    },
    {
      "type": "item",
      "value": 0.125,
      "id": "dba45ccad04c4e3d",
      "item": {
        "count": 4,
        "base_ingredient": {
          "item": "kubejs:servo_core"
        }
      },
      "consume": true
    },
    {
      "type": "item",
      "value": 0.125,
      "id": "c53e1fcc2674f24",
      "item": {
        "count": 4,
        "base_ingredient": {
          "item": "kubejs:servo_core"
        }
      },
      "consume": true
    },
    {
      "type": "item",
      "value": 0.125,
      "id": "9cc3d9ca2aad441c",
      "item": {
        "count": 4,
        "base_ingredient": {
          "item": "kubejs:servo_core"
        }
      },
      "consume": true
    }
  ],
  "ingredients": [
    {
      "count": 10,
      "base_ingredient": {
        "item": "immersiveindustry:car_kiln_brick"
      }
    },
    {
      "count": 10,
      "base_ingredient": {
        "item": "immersiveindustry:rotary_kiln_cylinder"
      }
    },
    {
      "count": 64,
      "base_ingredient": {
        "item": "kubejs:invar_steel_plate"
      }
    },
    {
      "count": 64,
      "base_ingredient": {
        "tag": "forge:plates/steel"
      }
    },
    {
      "count": 63,
      "base_ingredient": {
        "item": "immersiveindustry:refractory_kiln_brick"
      }
    },
    {
      "count": 2,
      "base_ingredient": {
        "item": "kubejs:servo_core"
      }
    }
  ],
  "effects": [
    {
      "type": "stats",
      "id": "6e7419551dce4fec",
      "vars": "generator_effi",
      "val": 10.0,
      "percent": true
    }
  ],
  "points": 8000,
  "showAltDesc": true
}