{
  "name": "@",
  "icon": {
    "type": "combined",
    "base": "frostedheart:generator",
    "small": {
      "type": "internal",
      "name": "plus"
    }
  },
  "category": "frostedheart:rescue",
  "parents": [
    "generator_T1",
    "steam_powerd"
  ],
  "clues": [
    {
      "type": "game",
      "value": 0.5,
      "id": "28deefb030914c18",
      "required": true,
      "level": 1
    },
    {
      "type": "item",
      "value": 0.25,
      "id": "2e049de93cd4302",
      "required": true,
      "item": {
        "item": "charcoal_pit:mechanical_bellows"
      }
    },
    {
      "type": "item",
      "value": 0.25,
      "id": "acdcebe5b212467f",
      "item": [
        {
          "item": "steampowered:cast_iron_boiler"
        },
        {
          "item": "steampowered:steel_boiler"
        }
      ]
    }
  ],
  "ingredients": [
    {
      "count": 2,
      "base_ingredient": {
        "item": "steampowered:cast_iron_burner"
      }
    },
    {
      "count": 4,
      "base_ingredient": {
        "item": "create:encased_fan"
      }
    },
    {
      "count": 8,
      "base_ingredient": {
        "tag": "forge:plates/cast_iron"
      }
    }
  ],
  "effects": [
    {
      "type": "stats",
      "id": "a6e3c0fcab7f4839",
      "vars": "generator_effi",
      "val": 10.0,
      "percent": true
    }
  ],
  "points": 2000,
  "showAltDesc": true
}