{
  "icon": {
    "type": "combined",
    "base": "frostedheart:hand_stove",
    "small": "frostedheart:coal_stick"
  },
  "category": "frostedheart:living",
  "clues": [
    {
      "type": "item",
      "value": 0.5,
      "id": "a158221148e344a2",
      "item": {
        "tag": "forge:plates/copper"
      },
      "consume": true
    },
    {
      "type": "item",
      "value": 0.5,
      "id": "d21353778ef84e43",
      "item": {
        "item": "minecraft:charcoal"
      }
    }
  ],
  "ingredients": [
    {
      "tag": "kubejs:fuel_stick"
    },
    {
      "item": "charcoal_pit:fire_starter"
    }
  ],
  "effects": [
    {
      "type": "recipe",
      "id": "69684c4aa1f4d7a",
      "item": "frostedheart:hand_stove"
    },
    {
      "type": "recipe",
      "id": "e2e1ed4879604392",
      "item": "frostedheart:coal_stick"
    },
    {
      "type": "recipe",
      "id": "45341024a9784ce4",
      "item": "frostedheart:charcoal_stick"
    }
  ],
  "points": 800,
  "showAltDesc": true
}