{
  "icon": "charcoal_pit:mechanical_bellows",
  "category": "frostedheart:ars",
  "parents": [
    "workbench"
  ],
  "clues": [
    {
      "type": "item",
      "value": 0.5,
      "id": "4d55f6e23e944a4f",
      "required": true,
      "item": {
        "item": "minecraft:piston"
      },
      "consume": true
    },
    {
      "type": "item",
      "value": 0.5,
      "id": "7c4fa978bc624cb2",
      "item": {
        "count": 4,
        "base_ingredient": {
          "item": "minecraft:redstone"
        }
      }
    }
  ],
  "ingredients": [],
  "effects": [
    {
      "type": "recipe",
      "id": "b814b77435e341c5",
      "item": "charcoal_pit:mechanical_bellows"
    }
  ],
  "points": 1000,
  "showAltDesc": true
}