{
  "icon": "create:mechanical_crafter",
  "category": "frostedheart:production",
  "parents": [
    "steam_powerd",
    "electron_tube"
  ],
  "clues": [
    {
      "type": "game",
      "value": 0.5,
      "id": "5f4c24fe289945f9",
      "required": true,
      "level": 1
    },
    {
      "type": "item",
      "value": 0.5,
      "id": "364031faac15464d",
      "item": {
        "item": "create:brass_casing"
      }
    }
  ],
  "ingredients": [
    {
      "item": "create:electron_tube"
    },
    {
      "item": "minecraft:crafting_table"
    }
  ],
  "effects": [
    {
      "type": "recipe",
      "id": "b9e9e9c71b7d416e",
      "item": "create:mechanical_crafter"
    }
  ],
  "points": 2000,
  "showAltDesc": true
}