{
  "icon": "kubejs:charcoal_dust",
  "category": "frostedheart:production",
  "clues": [
    {
      "type": "item",
      "value": 0.75,
      "id": "2413cd14ad3043af",
      "item": {
        "count": 3,
        "base_ingredient": {
          "item": "minecraft:stone"
        }
      },
      "consume": true
    },
    {
      "type": "item",
      "value": 0.25,
      "id": "c498cf4e9dbb4c7e",
      "item": {
        "tag": "minecraft:coals"
      },
      "consume": true
    }
  ],
  "ingredients": [
    {
      "count": 2,
      "base_ingredient": {
        "item": "minecraft:stone"
      }
    },
    {
      "item": "minecraft:charcoal"
    }
  ],
  "effects": [
    {
      "type": "recipe",
      "id": "6106c61efbc34848",
      "item": "stone_age:millstone"
    },
    {
      "type": "item",
      "id": "387f44097efa4676",
      "rewards": [
        "kubejs:charcoal_dust"
      ]
    }
  ],
  "points": 800,
  "showAltDesc": true
}