{
  "icon": "create:whisk",
  "category": "frostedheart:production",
  "parents": [
    "transmission_machinery"
  ],
  "clues": [
    {
      "type": "game",
      "value": 0.5,
      "id": "e01900bbb5d948b3",
      "required": true,
      "level": 0
    },
    {
      "type": "item",
      "value": 0.5,
      "id": "4d4a1257e1c64949",
      "item": {
        "item": "create:whisk"
      }
    }
  ],
  "ingredients": [
    {
      "tag": "forge:plates/iron"
    },
    {
      "item": "minecraft:cauldron"
    }
  ],
  "effects": [
    {
      "type": "recipe",
      "id": "ffd2c74f98494956",
      "item": "create:mechanical_mixer"
    },
    {
      "type": "recipe",
      "id": "8f50d8ed61ee479f",
      "item": "create:basin"
    },
    {
      "type": "item",
      "id": "6238470d69594c59",
      "rewards": [
        "create:basin"
      ]
    }
  ],
  "points": 1500,
  "showAltDesc": true
}