{
  "icon": "create:precision_mechanism",
  "category": "frostedheart:production",
  "parents": [
    "electron_tube"
  ],
  "clues": [
    {
      "type": "game",
      "value": 0.5,
      "id": "a21aedfe36fc498c",
      "required": true,
      "level": 1
    },
    {
      "type": "item",
      "value": 0.25,
      "id": "ab34d7c839044724",
      "item": {
        "count": 4,
        "base_ingredient": {
          "item": "create:electron_tube"
        }
      },
      "consume": true
    },
    {
      "type": "item",
      "value": 0.25,
      "id": "24e463212dc74849",
      "item": {
        "count": 4,
        "base_ingredient": {
          "tag": "the_winter_rescue:cogwheels"
        }
      },
      "consume": true
    }
  ],
  "ingredients": [
    {
      "count": 2,
      "base_ingredient": {
        "tag": "the_winter_rescue:cogwheels"
      }
    },
    {
      "count": 2,
      "base_ingredient": {
        "tag": "the_winter_rescue:large_cogwheels"
      }
    },
    {
      "item": "create:electron_tube"
    }
  ],
  "effects": [
    {
      "type": "recipe",
      "id": "a342be80757547d6",
      "item": "create:precision_mechanism"
    },
    {
      "type": "recipe",
      "id": "d0ec6c32ebb544e0",
      "item": "create:rotation_speed_controller"
    }
  ],
  "points": 1000,
  "showAltDesc": true
}