{
  "icon": "immersiveengineering:squeezer",
  "category": "frostedheart:production",
  "parents": [
    "multiblock_structure"
  ],
  "clues": [
    {
      "type": "game",
      "value": 0.3,
      "id": "a6e20d3749444d07",
      "required": true,
      "level": 1
    },
    {
      "type": "game",
      "value": 0.2,
      "id": "eb4797b6ac294779",
      "level": 1
    },
    {
      "type": "item",
      "value": 0.2,
      "id": "57cf7c16e54c4430",
      "item": {
        "count": 4,
        "base_ingredient": {
          "item": "kubejs:servo_core"
        }
      },
      "consume": true
    },
    {
      "type": "item",
      "value": 0.2,
      "id": "ed2ff7451124008",
      "item": {
        "count": 4,
        "base_ingredient": {
          "item": "kubejs:servo_core"
        }
      },
      "consume": true
    }
  ],
  "ingredients": [
    {
      "count": 2,
      "base_ingredient": {
        "item": "kubejs:servo_core"
      }
    }
  ],
  "effects": [
    {
      "type": "multiblock",
      "icon": "immersiveengineering:squeezer",
      "id": "4d8ca58a1d414fb2",
      "multiblock": "immersiveengineering:multiblocks/squeezer"
    }
  ],
  "points": 6000,
  "showAltDesc": true
}