{
  "icon": "minecraft:barrel",
  "category": "frostedheart:ars",
  "clues": [
    {
      "type": "item",
      "value": 0.5,
      "id": "78c0cf0ff5774b01",
      "item": {
        "item": "stone_age:stone_chest"
      }
    },
    {
      "type": "item",
      "value": 0.5,
      "id": "42a8d2f5abf545bf",
      "required": true,
      "item": {
        "item": "steampowered:bronze_sheet"
      }
    }
  ],
  "ingredients": [
    {
      "count": 2,
      "base_ingredient": {
        "tag": "forge:plates/bronze"
      }
    },
    {
      "count": 8,
      "base_ingredient": {
        "tag": "minecraft:planks"
      }
    }
  ],
  "effects": [
    {
      "type": "recipe",
      "id": "e642f75e66ea4da9",
      "item": "minecraft:barrel"
    },
    {
      "type": "item",
      "id": "2d44dfdac3f9440e",
      "rewards": [
        "minecraft:barrel"
      ]
    }
  ],
  "points": 600,
  "showAltDesc": true
}