{
  "icon": {
    "type": "combined",
    "base": "minecraft:chest",
    "small": "rankine:compressed_biomass"
  },
  "category": "frostedheart:ars",
  "parents": [
    "workbench"
  ],
  "clues": [
    {
      "type": "item",
      "value": 0.5,
      "id": "abc01458e013403c",
      "required": true,
      "item": {
        "tag": "storagedrawers:drawers"
      },
      "consume": true
    },
    {
      "type": "item",
      "value": 0.5,
      "id": "3060db5d73bf4028",
      "required": true,
      "item": {
        "item": "storagedrawers:iron_storage_upgrade"
      },
      "consume": true
    }
  ],
  "ingredients": [],
  "effects": [
    {
      "type": "recipe",
      "id": "8c647bca78294fb3",
      "item": "storagedrawers:compacting_drawers_3"
    }
  ],
  "points": 1500,
  "showAltDesc": true
}