{
  "icon": "steampowered:bronze_large_cogwheel",
  "category": "frostedheart:production",
  "parents": [
    "workbench"
  ],
  "clues": [
    {
      "type": "game",
      "value": 0.5,
      "id": "5196c8e264dc41e6",
      "required": true,
      "level": 0
    },
    {
      "type": "item",
      "value": 0.5,
      "id": "9c8abd778cc04c1a",
      "item": {
        "count": 4,
        "base_ingredient": {
          "item": "rankine:bronze_ingot"
        }
      },
      "consume": true
    }
  ],
  "ingredients": [],
  "effects": [
    {
      "type": "recipe",
      "id": "a6ea06ff08b4a27",
      "item": "steampowered:bronze_large_cogwheel"
    },
    {
      "type": "recipe",
      "id": "afbec057af9c49af",
      "item": "steampowered:bronze_cogwheel"
    },
    {
      "type": "recipe",
      "id": "6aa606dd64b94197",
      "item": "create:shaft"
    },
    {
      "type": "recipe",
      "id": "7866174699b54cd8",
      "item": "create:hand_crank"
    }
  ],
  "points": 1500,
  "showAltDesc": true
}