{
  "icon": {
    "type": "item",
    "item": {
      "id": "watersource:wooden_cup_drink",
      "nbt": "{Fluid:{FluidName:\"watersource:purified_water\",Amount:250}}"
    }
  },
  "category": "frostedheart:living",
  "parents": [
    "millstone",
    "alloy_kiln"
  ],
  "clues": [
    {
      "type": "game",
      "value": 0.5,
      "id": "c9a8f9b6b6a843d3",
      "level": 0
    },
    {
      "type": "item",
      "value": 0.5,
      "id": "236d1079c1964f49",
      "item": {
        "type": "forge:nbt",
        "item": "watersource:wooden_cup_drink",
        "count": 1,
        "nbt": "{Fluid:{FluidName:\"minecraft:water\",Amount:250}}"
      },
      "consume": true
    }
  ],
  "ingredients": [
    {
      "item": "kubejs:charcoal_dust"
    },
    {
      "tag": "forge:sand"
    },
    {
      "tag": "forge:dirt"
    }
  ],
  "effects": [
    {
      "type": "recipe",
      "id": "7740ba2c53c84f03",
      "item": "watersource:wooden_water_filter"
    },
    {
      "type": "recipe",
      "id": "1cf7ecdaceb743cd",
      "item": "watersource:primitive_strainer"
    },
    {
      "type": "recipe",
      "id": "3a415b55c5794687",
      "item": "watersource:paper_strainer"
    }
  ],
  "points": 800,
  "showAltDesc": true
}