{
  "icon": "minecraft:crafting_table",
  "category": "frostedheart:ars",
  "parents": [
    "iron"
  ],
  "clues": [
    {
      "type": "game",
      "value": 0.5,
      "id": "a572816614394407",
      "required": true,
      "level": 0
    },
    {
      "type": "item",
      "value": 0.5,
      "id": "c9c9916a0d144d6d",
      "item": {
        "count": 4,
        "base_ingredient": [
          {
            "item": "immersiveengineering:treated_wood_horizontal"
          },
          {
            "item": "immersiveengineering:treated_wood_vertical"
          },
          {
            "item": "immersiveengineering:treated_wood_packaged"
          }
        ]
      },
      "consume": true
    }
  ],
  "ingredients": [
    {
      "item": "minecraft:iron_ingot"
    }
  ],
  "effects": [
    {
      "type": "recipe",
      "id": "a97c8f1a0df84f38",
      "item": "minecraft:crafting_table"
    },
    {
      "type": "use",
      "id": "e273d064cb6e4f05",
      "blocks": [
        "minecraft:crafting_table"
      ]
    }
  ],
  "points": 1200,
  "showAltDesc": true
}