{
	"credit": "made by Motschen",
	"parent": "block/block",
	"textures": {
		"0": "block/oak_leaves",
		"1": "block/acacia_leaves",
		"particle": "#1"
	},
	"elements": [
		{
			"name": "normal_block",
			"from": [0, 0, 0],
			"to": [16, 16, 16],
			"shade": false,
			"faces": {
				"north": {"uv": [0, 0, 16, 16], "texture": "#1", "cullface": "north", "tintindex": 0},
				"east": {"uv": [0, 0, 16, 16], "texture": "#1", "cullface": "east", "tintindex": 0},
				"south": {"uv": [0, 0, 16, 16], "texture": "#1", "cullface": "south", "tintindex": 0},
				"west": {"uv": [0, 0, 16, 16], "texture": "#1", "cullface": "west", "tintindex": 0},
				"up": {"uv": [0, 0, 16, 16], "texture": "#1", "cullface": "up", "tintindex": 0},
				"down": {"uv": [0, 0, 16, 16], "texture": "#1", "cullface": "down", "tintindex": 0}
			}
		},
		{
			"from": [4.6, -7, -5],
			"to": [4.61, -4, 14],
			"shade": false,
			"rotation": {"angle": -22.5, "axis": "y", "origin": [-4, 4, 14]},
			"faces": {
				"east": {"uv": [0, 7, 16, 10], "texture": "#0", "tintindex": 0, "cullface": "down"},
				"west": {"uv": [0, 12, 16, 15], "texture": "#0", "tintindex": 0, "cullface": "down"}
			}
		},
		{
			"from": [5, 21, -6.4],
			"to": [5.01, 23, 12.6],
			"shade": false,
			"rotation": {"angle": -22.5, "axis": "y", "origin": [-5, 9, 13]},
			"faces": {
				"east": {"uv": [0, 14.05, 16, 15.95], "texture": "#0", "tintindex": 0, "cullface": "up"},
				"west": {"uv": [0, 14.05, 16, 15.95], "texture": "#0", "tintindex": 0, "cullface": "up"}
			}
		},
		{
			"from": [5, -2, -13],
			"to": [5.01, 19, -9],
			"shade": false,
			"rotation": {"angle": -22.5, "axis": "y", "origin": [-5, 4, 13]},
			"faces": {
				"east": {"uv": [9.05, 0, 12.95, 16], "texture": "#0", "tintindex": 0},
				"west": {"uv": [0, 0, 4, 16], "texture": "#0", "tintindex": 0}
			}
		},
		{
			"from": [2.25, -2, 17.85],
			"to": [2.26, 19, 20.85],
			"shade": false,
			"rotation": {"angle": -22.5, "axis": "y", "origin": [-1, 4, 20]},
			"faces": {
				"east": {"uv": [13, 0, 16, 16], "texture": "#0", "tintindex": 0},
				"west": {"uv": [0.05, 0, 2.95, 16], "texture": "#0", "tintindex": 0}
			}
		},
		{
			"from": [5, 5, -9],
			"to": [5.01, 21, 7],
			"shade": false,
			"rotation": {"angle": -22.5, "axis": "y", "origin": [-5, 4, 13]},
			"faces": {
				"east": {"uv": [0, 0, 16, 16], "texture": "#0", "tintindex": 0},
				"west": {"uv": [0, 0, 16, 16], "texture": "#0", "tintindex": 0}
			}
		},
		{
			"from": [5, -4, -9],
			"to": [5.01, 5, 7],
			"shade": false,
			"rotation": {"angle": -22.5, "axis": "y", "origin": [-5, -5, 13]},
			"faces": {
				"east": {"uv": [0, 0, 16, 9], "texture": "#0", "tintindex": 0, "cullface": "down"},
				"west": {"uv": [0, 0, 16, 9], "texture": "#0", "tintindex": 0, "cullface": "down"}
			}
		},
		{
			"from": [1.2, -4, 4.575],
			"to": [1.21, 5, 13.575],
			"shade": false,
			"rotation": {"angle": -22.5, "axis": "y", "origin": [-13, -5, 21]},
			"faces": {
				"east": {"uv": [7, 7, 16, 16], "texture": "#0", "tintindex": 0, "cullface": "down"},
				"west": {"uv": [7, 7, 16, 16], "texture": "#0", "tintindex": 0, "cullface": "down"}
			}
		},
		{
			"from": [1, 5, 4.575],
			"to": [1.01, 21, 13.575],
			"shade": false,
			"rotation": {"angle": -22.5, "axis": "y", "origin": [-13, 4, 21]},
			"faces": {
				"east": {"uv": [7, 0, 16, 16], "texture": "#0", "tintindex": 0},
				"west": {"uv": [0, 0, 10, 16], "texture": "#0", "tintindex": 0}
			}
		},
		{
			"from": [5.4, -6, 4.2],
			"to": [23.4, -3, 4.21],
			"shade": false,
			"rotation": {"angle": -45, "axis": "y", "origin": [6, 3, 0]},
			"faces": {
				"north": {"uv": [0, 8, 16, 11], "texture": "#0", "tintindex": 0, "cullface": "down"},
				"south": {"uv": [0, 1, 16, 4], "texture": "#0", "tintindex": 0, "cullface": "down"}
			}
		},
		{
			"from": [5.4, 20, 4.4],
			"to": [23.4, 23, 4.41],
			"shade": false,
			"rotation": {"angle": -45, "axis": "y", "origin": [6, 25, 0]},
			"faces": {
				"north": {"uv": [0, 3.05, 16, 5.95], "texture": "#0", "tintindex": 0, "cullface": "up"},
				"south": {"uv": [0, 3.05, 16, 5.95], "texture": "#0", "tintindex": 0, "cullface": "up"}
			}
		},
		{
			"from": [25.4, -1, 12.7],
			"to": [28.4, 18, 12.71],
			"shade": false,
			"rotation": {"angle": -45, "axis": "y", "origin": [16, 7, 4]},
			"faces": {
				"north": {"uv": [13, 0, 16, 16], "texture": "#0", "tintindex": 0},
				"south": {"uv": [0.05, 0, 2.95, 16], "texture": "#0", "tintindex": 0}
			}
		},
		{
			"from": [-0.7, -1, -3.8],
			"to": [2.3, 18, -3.79],
			"shade": false,
			"rotation": {"angle": -45, "axis": "y", "origin": [-4, 7, -5]},
			"faces": {
				"north": {"uv": [0.05, 0, 2.95, 16], "texture": "#0", "tintindex": 0},
				"south": {"uv": [0, 0, 3, 16], "texture": "#0", "tintindex": 0}
			}
		},
		{
			"from": [10, 4, 9.99],
			"to": [26, 20, 10],
			"shade": false,
			"rotation": {"angle": -45, "axis": "y", "origin": [13, 7, 2]},
			"faces": {
				"north": {"uv": [0, 0, 16, 16], "texture": "#0", "tintindex": 0},
				"south": {"uv": [0, 0, 16, 16], "texture": "#0", "tintindex": 0}
			}
		},
		{
			"from": [10, -3, 9.99],
			"to": [26, 4, 10],
			"shade": false,
			"rotation": {"angle": -45, "axis": "y", "origin": [13, 0, 2]},
			"faces": {
				"north": {"uv": [0, 0, 16, 7], "texture": "#0", "tintindex": 0, "cullface": "down"},
				"south": {"uv": [0, 0, 16, 7], "texture": "#0", "tintindex": 0, "cullface": "down"}
			}
		},
		{
			"from": [2, -3, 9.99],
			"to": [10, 4, 10],
			"shade": false,
			"rotation": {"angle": -45, "axis": "y", "origin": [13, 0, 2]},
			"faces": {
				"north": {"uv": [0, 0, 8, 7], "texture": "#0", "tintindex": 0, "cullface": "down"},
				"south": {"uv": [0, 0, 8, 7], "texture": "#0", "tintindex": 0, "cullface": "down"}
			}
		},
		{
			"from": [2, 4, 9.99],
			"to": [10, 20, 10],
			"shade": false,
			"rotation": {"angle": -45, "axis": "y", "origin": [13, 7, 2]},
			"faces": {
				"north": {"uv": [0.05, 0, 7.95, 16], "texture": "#0", "tintindex": 0},
				"south": {"uv": [0, 0, 8, 16], "texture": "#0", "tintindex": 0}
			}
		}
	],
	"groups": [0,
		{
			"name": "bushy_leaves2",
			"origin": [8, 8, 8],
			"children": [1, 2, 3, 4, 5, 6, 7, 8]
		},
		{
			"name": "bushy_leaves",
			"origin": [8, 8, 8],
			"children": [9, 10, 11, 12, 13, 14, 15, 16]
		}
	]
}