{
	"credit": "made by Motschen",
	"parent": "block/block",
	"textures": {
		"0": "block/oak_leaves",
		"1": "block/acacia_leaves",
		"particle": "block/oak_leaves"
	},
	"elements": [
		{
			"name": "normal_block",
			"from": [0, 0, 0],
			"to": [16, 16, 16],
			"faces": {
				"north": {"uv": [0, 0, 16, 16], "texture": "#0", "tintindex": 0},
				"east": {"uv": [0, 0, 16, 16], "texture": "#0", "tintindex": 0},
				"south": {"uv": [0, 0, 16, 16], "texture": "#0", "tintindex": 0},
				"west": {"uv": [0, 0, 16, 16], "texture": "#0", "tintindex": 0},
				"up": {"uv": [0, 0, 16, 16], "texture": "#0", "tintindex": 0},
				"down": {"uv": [0, 0, 16, 16], "texture": "#0", "tintindex": 0}
			}
		},
		{
			"from": [2.4, -6, 5.3],
			"to": [20.4, -3, 5.31],
			"shade": false,
			"rotation": {"angle": -22.5, "axis": "y", "origin": [2, 3, -2]},
			"faces": {
				"north": {"uv": [0, 11, 16, 14], "texture": "#0", "tintindex": 0},
				"south": {"uv": [0, 11, 16, 14], "texture": "#0", "tintindex": 0}
			}
		},
		{
			"from": [2.4, 20, 5.3],
			"to": [20.4, 23, 5.31],
			"shade": false,
			"rotation": {"angle": -22.5, "axis": "y", "origin": [2, 25, -2]},
			"faces": {
				"north": {"uv": [0, 0, 16, 3], "texture": "#0", "tintindex": 0},
				"south": {"uv": [0, 0, 16, 3], "texture": "#0", "tintindex": 0}
			}
		},
		{
			"from": [22.4, -1, 9.3],
			"to": [25.4, 18, 9.31],
			"shade": false,
			"rotation": {"angle": -22.5, "axis": "y", "origin": [12, 7, 2]},
			"faces": {
				"north": {"uv": [0, 0, 3, 16], "texture": "#0", "tintindex": 0},
				"south": {"uv": [0, 0, 3, 16], "texture": "#0", "tintindex": 0}
			}
		},
		{
			"from": [-2.6, -1, 0.5],
			"to": [0.4, 18, 0.51],
			"shade": false,
			"rotation": {"angle": -22.5, "axis": "y", "origin": [-9, 7, -7]},
			"faces": {
				"north": {"uv": [0, 0, 3, 16], "texture": "#0", "tintindex": 0},
				"south": {"uv": [0, 0, 3, 16], "texture": "#0", "tintindex": 0}
			}
		},
		{
			"from": [-1, -3, 7.99],
			"to": [23, 20, 8],
			"shade": false,
			"rotation": {"angle": -22.5, "axis": "y", "origin": [9, 7, 0]},
			"faces": {
				"north": {"uv": [0, 0, 16, 16], "texture": "#0", "tintindex": 0},
				"south": {"uv": [0, 0, 16, 16], "texture": "#0", "tintindex": 0}
			}
		},
		{
			"from": [-5.6, -7, 18.6],
			"to": [13.4, -3.9, 18.61],
			"shade": false,
			"rotation": {"angle": 45, "axis": "y", "origin": [-6, 4, 10]},
			"faces": {
				"north": {"uv": [0, 11, 16, 14.1], "texture": "#0", "tintindex": 0},
				"south": {"uv": [0, 11, 16, 14.1], "texture": "#0", "tintindex": 0}
			}
		},
		{
			"from": [-6.6, 21, 19],
			"to": [12.4, 23, 19.01],
			"shade": false,
			"rotation": {"angle": 45, "axis": "y", "origin": [-7, 9, 9]},
			"faces": {
				"north": {"uv": [0, 0, 16, 2], "texture": "#0", "tintindex": 0},
				"south": {"uv": [0, 0, 16, 2], "texture": "#0", "tintindex": 0}
			}
		},
		{
			"from": [15, -2, 19],
			"to": [19, 19, 19.01],
			"shade": false,
			"rotation": {"angle": 45, "axis": "y", "origin": [-7, 4, 9]},
			"faces": {
				"north": {"uv": [0, 0, 4, 16], "texture": "#0", "tintindex": 0},
				"south": {"uv": [0, 0, 4, 16], "texture": "#0", "tintindex": 0}
			}
		},
		{
			"from": [-6.85, -2, 18.25],
			"to": [-3.85, 19, 18.26],
			"shade": false,
			"rotation": {"angle": 45, "axis": "y", "origin": [-3, 4, 16]},
			"faces": {
				"north": {"uv": [0, 0, 3, 16], "texture": "#0", "tintindex": 0},
				"south": {"uv": [0, 0, 3, 16], "texture": "#0", "tintindex": 0}
			}
		},
		{
			"from": [-10, -4, 19],
			"to": [15, 21, 19.01],
			"shade": false,
			"rotation": {"angle": 45, "axis": "y", "origin": [-7, 4, 9]},
			"faces": {
				"north": {"uv": [0, 0, 16, 16], "texture": "#0", "tintindex": 0},
				"south": {"uv": [0, 0, 16, 16], "texture": "#0", "tintindex": 0}
			}
		},
		{
			"from": [0, 0, 0],
			"to": [16, 16, 16],
			"faces": {
				"north": {"uv": [0, 0, 16, 16], "texture": "#1"},
				"east": {"uv": [0, 0, 16, 16], "texture": "#1"},
				"south": {"uv": [0, 0, 16, 16], "texture": "#1"},
				"west": {"uv": [0, 0, 16, 16], "texture": "#1"},
				"up": {"uv": [0, 0, 16, 16], "texture": "#1"},
				"down": {"uv": [0, 0, 16, 16], "texture": "#1"}
			}
		}
	],
	"groups": [0,
		{
			"name": "bushy_leaves",
			"origin": [8, 8, 8],
			"children": [1, 2, 3, 4, 5]
		},
		{
			"name": "bushy_leaves2",
			"origin": [8, 8, 8],
			"children": [6, 7, 8, 9, 10]
		}, 11]
}