{
	"credit": "made by Motschen",
	"parent": "block/block",
	"textures": {
		"0": "block/oak_leaves",
		"1": "block/acacia_leaves",
		"particle": "block/oak_leaves"
	},
	"elements": [
		{
			"name": "normal_block",
			"from": [0, 0, 0],
			"to": [16, 16, 16],
			"faces": {
				"north": {"uv": [0, 0, 16, 16], "texture": "#0", "tintindex": 0},
				"east": {"uv": [0, 0, 16, 16], "texture": "#0", "tintindex": 0},
				"south": {"uv": [0, 0, 16, 16], "texture": "#0", "tintindex": 0},
				"west": {"uv": [0, 0, 16, 16], "texture": "#0", "tintindex": 0},
				"up": {"uv": [0, 0, 16, 16], "texture": "#0", "tintindex": 0},
				"down": {"uv": [0, 0, 16, 16], "texture": "#0", "tintindex": 0}
			}
		},
		{
			"from": [4.4, -6, 4.4],
			"to": [22.4, -3, 4.41],
			"shade": false,
			"rotation": {"angle": -45, "axis": "y", "origin": [4, 3, 0]},
			"faces": {
				"north": {"uv": [0, 11, 16, 14], "texture": "#0", "tintindex": 0},
				"south": {"uv": [0, 11, 16, 14], "texture": "#0", "tintindex": 0}
			}
		},
		{
			"from": [4.4, 20, 4.3],
			"to": [22.4, 23, 4.31],
			"shade": false,
			"rotation": {"angle": -45, "axis": "y", "origin": [4, 25, 0]},
			"faces": {
				"north": {"uv": [0, 0, 16, 3], "texture": "#0", "tintindex": 0},
				"south": {"uv": [0, 0, 16, 3], "texture": "#0", "tintindex": 0}
			}
		},
		{
			"from": [24.4, -1, 12.75],
			"to": [27.4, 18, 12.76],
			"shade": false,
			"rotation": {"angle": -45, "axis": "y", "origin": [14, 7, 4]},
			"faces": {
				"north": {"uv": [0, 0, 3, 16], "texture": "#0", "tintindex": 0},
				"south": {"uv": [0, 0, 3, 16], "texture": "#0", "tintindex": 0}
			}
		},
		{
			"from": [-2.3, -1, -4.75],
			"to": [0.7, 18, -4.74],
			"shade": false,
			"rotation": {"angle": -45, "axis": "y", "origin": [-7, 7, -5]},
			"faces": {
				"north": {"uv": [0, 0, 3, 16], "texture": "#0", "tintindex": 0},
				"south": {"uv": [0, 0, 3, 16], "texture": "#0", "tintindex": 0}
			}
		},
		{
			"from": [1, -3, 9.99],
			"to": [25, 20, 10],
			"shade": false,
			"rotation": {"angle": -45, "axis": "y", "origin": [11, 7, 2]},
			"faces": {
				"north": {"uv": [0, 0, 16, 16], "texture": "#0", "tintindex": 0},
				"south": {"uv": [0, 0, 16, 16], "texture": "#0", "tintindex": 0}
			}
		},
		{
			"from": [-4.6, -7, 16.6],
			"to": [14.4, -3.9, 16.61],
			"shade": false,
			"rotation": {"angle": 45, "axis": "y", "origin": [-5, 4, 8]},
			"faces": {
				"north": {"uv": [0, 11, 16, 14.1], "texture": "#0", "tintindex": 0},
				"south": {"uv": [0, 11, 16, 14.1], "texture": "#0", "tintindex": 0}
			}
		},
		{
			"from": [-5.6, 21, 17],
			"to": [13.4, 23, 17.01],
			"shade": false,
			"rotation": {"angle": 45, "axis": "y", "origin": [-6, 9, 7]},
			"faces": {
				"north": {"uv": [0, 0, 16, 2], "texture": "#0", "tintindex": 0},
				"south": {"uv": [0, 0, 16, 2], "texture": "#0", "tintindex": 0}
			}
		},
		{
			"from": [16, -2, 17],
			"to": [20, 19, 17.01],
			"shade": false,
			"rotation": {"angle": 45, "axis": "y", "origin": [-6, 4, 7]},
			"faces": {
				"north": {"uv": [0, 0, 4, 16], "texture": "#0", "tintindex": 0},
				"south": {"uv": [0, 0, 4, 16], "texture": "#0", "tintindex": 0}
			}
		},
		{
			"from": [-5.85, -2, 16.25],
			"to": [-2.85, 19, 16.26],
			"shade": false,
			"rotation": {"angle": 45, "axis": "y", "origin": [-2, 4, 14]},
			"faces": {
				"north": {"uv": [0, 0, 3, 16], "texture": "#0", "tintindex": 0},
				"south": {"uv": [0, 0, 3, 16], "texture": "#0", "tintindex": 0}
			}
		},
		{
			"from": [-9, -4, 17],
			"to": [16, 21, 17.01],
			"shade": false,
			"rotation": {"angle": 45, "axis": "y", "origin": [-6, 4, 7]},
			"faces": {
				"north": {"uv": [0, 0, 16, 16], "texture": "#0", "tintindex": 0},
				"south": {"uv": [0, 0, 16, 16], "texture": "#0", "tintindex": 0}
			}
		},
		{
			"from": [0, 0, 0],
			"to": [16, 16, 16],
			"faces": {
				"north": {"uv": [0, 0, 16, 16], "texture": "#1"},
				"east": {"uv": [0, 0, 16, 16], "texture": "#1"},
				"south": {"uv": [0, 0, 16, 16], "texture": "#1"},
				"west": {"uv": [0, 0, 16, 16], "texture": "#1"},
				"up": {"uv": [0, 0, 16, 16], "texture": "#1"},
				"down": {"uv": [0, 0, 16, 16], "texture": "#1"}
			}
		}
	],
	"groups": [0,
		{
			"name": "bushy_leaves",
			"origin": [8, 8, 8],
			"children": [1, 2, 3, 4, 5]
		},
		{
			"name": "bushy_leaves2",
			"origin": [8, 8, 8],
			"children": [6, 7, 8, 9, 10]
		}, 11]
}