{
	"credit": "made by Motschen",
	"parent": "block/block",
	"textures": {
		"0": "block/oak_leaves",
		"1": "block/acacia_leaves",
		"particle": "block/oak_leaves"
	},
	"elements": [
		{
			"name": "normal_block",
			"from": [0, 0, 0],
			"to": [16, 16, 16],
			"faces": {
				"north": {"uv": [0, 0, 16, 16], "texture": "#0", "tintindex": 0},
				"east": {"uv": [0, 0, 16, 16], "texture": "#0", "tintindex": 0},
				"south": {"uv": [0, 0, 16, 16], "texture": "#0", "tintindex": 0},
				"west": {"uv": [0, 0, 16, 16], "texture": "#0", "tintindex": 0},
				"up": {"uv": [0, 0, 16, 16], "texture": "#0", "tintindex": 0},
				"down": {"uv": [0, 0, 16, 16], "texture": "#0", "tintindex": 0}
			}
		},
		{
			"from": [2.4, -6, 3.3],
			"to": [20.4, -3, 3.31],
			"shade": false,
			"rotation": {"angle": -22.5, "axis": "y", "origin": [2, 3, -4]},
			"faces": {
				"north": {"uv": [0, 11, 16, 14], "texture": "#0", "tintindex": 0},
				"south": {"uv": [0, 11, 16, 14], "texture": "#0", "tintindex": 0}
			}
		},
		{
			"from": [2.4, 20, 3.3],
			"to": [20.4, 23, 3.31],
			"shade": false,
			"rotation": {"angle": -22.5, "axis": "y", "origin": [2, 25, -4]},
			"faces": {
				"north": {"uv": [0, 0, 16, 3], "texture": "#0", "tintindex": 0},
				"south": {"uv": [0, 0, 16, 3], "texture": "#0", "tintindex": 0}
			}
		},
		{
			"from": [22.4, -1, 7.3],
			"to": [25.4, 18, 7.31],
			"shade": false,
			"rotation": {"angle": -22.5, "axis": "y", "origin": [12, 7, 0]},
			"faces": {
				"north": {"uv": [0, 0, 3, 16], "texture": "#0", "tintindex": 0},
				"south": {"uv": [0, 0, 3, 16], "texture": "#0", "tintindex": 0}
			}
		},
		{
			"from": [-2.6, -1, -1.5],
			"to": [0.4, 18, -1.49],
			"shade": false,
			"rotation": {"angle": -22.5, "axis": "y", "origin": [-9, 7, -9]},
			"faces": {
				"north": {"uv": [0, 0, 3, 16], "texture": "#0", "tintindex": 0},
				"south": {"uv": [0, 0, 3, 16], "texture": "#0", "tintindex": 0}
			}
		},
		{
			"from": [-1, -3, 5.99],
			"to": [23, 20, 6],
			"shade": false,
			"rotation": {"angle": -22.5, "axis": "y", "origin": [9, 7, -2]},
			"faces": {
				"north": {"uv": [0, 0, 16, 16], "texture": "#0", "tintindex": 0},
				"south": {"uv": [0, 0, 16, 16], "texture": "#0", "tintindex": 0}
			}
		},
		{
			"from": [-3.6, -7, 18.6],
			"to": [15.4, -3.9, 18.61],
			"shade": false,
			"rotation": {"angle": 45, "axis": "y", "origin": [-4, 4, 10]},
			"faces": {
				"north": {"uv": [0, 11, 16, 14.1], "texture": "#0", "tintindex": 0},
				"south": {"uv": [0, 11, 16, 14.1], "texture": "#0", "tintindex": 0}
			}
		},
		{
			"from": [-4.6, 21, 19],
			"to": [14.4, 23, 19.01],
			"shade": false,
			"rotation": {"angle": 45, "axis": "y", "origin": [-5, 9, 9]},
			"faces": {
				"north": {"uv": [0, 0, 16, 2], "texture": "#0", "tintindex": 0},
				"south": {"uv": [0, 0, 16, 2], "texture": "#0", "tintindex": 0}
			}
		},
		{
			"from": [17, -2, 19],
			"to": [21, 19, 19.01],
			"shade": false,
			"rotation": {"angle": 45, "axis": "y", "origin": [-5, 4, 9]},
			"faces": {
				"north": {"uv": [0, 0, 4, 16], "texture": "#0", "tintindex": 0},
				"south": {"uv": [0, 0, 4, 16], "texture": "#0", "tintindex": 0}
			}
		},
		{
			"from": [-4.85, -2, 18.25],
			"to": [-1.85, 19, 18.26],
			"shade": false,
			"rotation": {"angle": 45, "axis": "y", "origin": [-1, 4, 16]},
			"faces": {
				"north": {"uv": [0, 0, 3, 16], "texture": "#0", "tintindex": 0},
				"south": {"uv": [0, 0, 3, 16], "texture": "#0", "tintindex": 0}
			}
		},
		{
			"from": [-8, -4, 19],
			"to": [17, 21, 19.01],
			"shade": false,
			"rotation": {"angle": 45, "axis": "y", "origin": [-5, 4, 9]},
			"faces": {
				"north": {"uv": [0, 0, 16, 16], "texture": "#0", "tintindex": 0},
				"south": {"uv": [0, 0, 16, 16], "texture": "#0", "tintindex": 0}
			}
		},
		{
			"from": [0, 0, 0],
			"to": [16, 16, 16],
			"faces": {
				"north": {"uv": [0, 0, 16, 16], "texture": "#1"},
				"east": {"uv": [0, 0, 16, 16], "texture": "#1"},
				"south": {"uv": [0, 0, 16, 16], "texture": "#1"},
				"west": {"uv": [0, 0, 16, 16], "texture": "#1"},
				"up": {"uv": [0, 0, 16, 16], "texture": "#1"},
				"down": {"uv": [0, 0, 16, 16], "texture": "#1"}
			}
		}
	],
	"groups": [0,
		{
			"name": "bushy_leaves",
			"origin": [8, 8, 8],
			"children": [1, 2, 3, 4, 5]
		},
		{
			"name": "bushy_leaves2",
			"origin": [8, 8, 8],
			"children": [6, 7, 8, 9, 10]
		}, 11]
}