{
	"credit": "made by Motschen",
	"textures": {
		"0": "block/oak_leaves",
		"particle": "#0"
	},
	"elements": [
		{
			"name": "normal_block",
			"from": [0, 0, 0],
			"to": [16, 16, 16],
			"shade": false,
			"faces": {
				"north": {"uv": [0, 0, 16, 16], "texture": "#0", "cullface": "north", "tintindex": 0},
				"east": {"uv": [0, 0, 16, 16], "texture": "#0", "cullface": "east", "tintindex": 0},
				"south": {"uv": [0, 0, 16, 16], "texture": "#0", "cullface": "south", "tintindex": 0},
				"west": {"uv": [0, 0, 16, 16], "texture": "#0", "cullface": "west", "tintindex": 0},
				"up": {"uv": [0, 0, 16, 16], "texture": "#0", "cullface": "up", "tintindex": 0},
				"down": {"uv": [0, 0, 16, 16], "texture": "#0", "cullface": "down", "tintindex": 0}
			}
		},
		{
			"from": [3.4, -6, 4.2],
			"to": [21.4, -3, 4.21],
			"shade": false,
			"rotation": {"angle": -22.5, "axis": "y", "origin": [3, 3, -3]},
			"faces": {
				"north": {"uv": [0, 8, 16, 11], "texture": "#0", "tintindex": 0, "cullface": "down"},
				"south": {"uv": [0, 1, 16, 4], "texture": "#0", "tintindex": 0, "cullface": "down"}
			}
		},
		{
			"from": [3.4, 20, 4.2],
			"to": [21.4, 23, 4.21],
			"shade": false,
			"rotation": {"angle": -22.5, "axis": "y", "origin": [3, 25, -3]},
			"faces": {
				"north": {"uv": [0, 3.05, 16, 5.95], "texture": "#0", "tintindex": 0, "cullface": "up"},
				"south": {"uv": [0, 3.05, 16, 5.95], "texture": "#0", "tintindex": 0, "cullface": "up"}
			}
		},
		{
			"from": [23.4, -1, 8.3],
			"to": [26.4, 18, 8.31],
			"shade": false,
			"rotation": {"angle": -22.5, "axis": "y", "origin": [13, 7, 1]},
			"faces": {
				"north": {"uv": [13, 0, 16, 16], "texture": "#0", "tintindex": 0, "cullface": "east"},
				"south": {"uv": [0.05, 0, 2.95, 16], "texture": "#0", "tintindex": 0, "cullface": "east"}
			}
		},
		{
			"from": [-1.6, -1, -0.5],
			"to": [1.4, 18, -0.49],
			"shade": false,
			"rotation": {"angle": -22.5, "axis": "y", "origin": [-8, 7, -8]},
			"faces": {
				"north": {"uv": [0.05, 0, 2.95, 16], "texture": "#0", "tintindex": 0, "cullface": "west"},
				"south": {"uv": [0, 0, 3, 16], "texture": "#0", "tintindex": 0, "cullface": "west"}
			}
		},
		{
			"from": [8, 4, 6.99],
			"to": [24, 20, 7],
			"shade": false,
			"rotation": {"angle": -22.5, "axis": "y", "origin": [10, 7, -1]},
			"faces": {
				"north": {"uv": [0, 0, 16, 16], "texture": "#0", "tintindex": 0},
				"south": {"uv": [0, 0, 16, 16], "texture": "#0", "tintindex": 0}
			}
		},
		{
			"from": [8, -3, 6.99],
			"to": [24, 4, 7],
			"shade": false,
			"rotation": {"angle": -22.5, "axis": "y", "origin": [10, 0, -1]},
			"faces": {
				"north": {"uv": [0, 0, 16, 7], "texture": "#0", "tintindex": 0, "cullface": "down"},
				"south": {"uv": [0, 0, 16, 7], "texture": "#0", "tintindex": 0, "cullface": "down"}
			}
		},
		{
			"from": [0, -3, 6.99],
			"to": [8, 4, 7],
			"shade": false,
			"rotation": {"angle": -22.5, "axis": "y", "origin": [10, 0, -1]},
			"faces": {
				"north": {"uv": [0, 0, 8, 7], "texture": "#0", "tintindex": 0, "cullface": "down"},
				"south": {"uv": [0, 0, 8, 7], "texture": "#0", "tintindex": 0, "cullface": "down"}
			}
		},
		{
			"from": [0, 4, 6.99],
			"to": [8, 20, 7],
			"shade": false,
			"rotation": {"angle": -22.5, "axis": "y", "origin": [10, 7, -1]},
			"faces": {
				"north": {"uv": [0.05, 0, 7.95, 16], "texture": "#0", "tintindex": 0},
				"south": {"uv": [0, 0, 8, 16], "texture": "#0", "tintindex": 0}
			}
		},
		{
			"from": [-7, -7, 18.6],
			"to": [12, -4, 18.61],
			"shade": false,
			"rotation": {"angle": 45, "axis": "y", "origin": [-7, 4, 10]},
			"faces": {
				"north": {"uv": [0, 12, 16, 15], "texture": "#0", "tintindex": 0, "cullface": "down"},
				"south": {"uv": [0, 7, 16, 10], "texture": "#0", "tintindex": 0, "cullface": "down"}
			}
		},
		{
			"from": [-7.6, 21, 19],
			"to": [11.4, 23, 19.01],
			"shade": false,
			"rotation": {"angle": 45, "axis": "y", "origin": [-8, 9, 9]},
			"faces": {
				"north": {"uv": [0, 14.05, 16, 15.95], "texture": "#0", "tintindex": 0, "cullface": "up"},
				"south": {"uv": [0, 14.05, 16, 15.95], "texture": "#0", "tintindex": 0, "cullface": "up"}
			}
		},
		{
			"from": [14, -2, 19],
			"to": [18, 19, 19.01],
			"shade": false,
			"rotation": {"angle": 45, "axis": "y", "origin": [-8, 4, 9]},
			"faces": {
				"north": {"uv": [0, 0, 4, 16], "texture": "#0", "tintindex": 0},
				"south": {"uv": [9.05, 0, 12.95, 16], "texture": "#0", "tintindex": 0}
			}
		},
		{
			"from": [-7.85, -2, 18.25],
			"to": [-4.85, 19, 18.26],
			"shade": false,
			"rotation": {"angle": 45, "axis": "y", "origin": [-4, 4, 16]},
			"faces": {
				"north": {"uv": [0.05, 0, 2.95, 16], "texture": "#0", "tintindex": 0},
				"south": {"uv": [13, 0, 16, 16], "texture": "#0", "tintindex": 0}
			}
		},
		{
			"from": [-2, 5, 19],
			"to": [14, 21, 19.01],
			"shade": false,
			"rotation": {"angle": 45, "axis": "y", "origin": [-8, 4, 9]},
			"faces": {
				"north": {"uv": [0, 0, 16, 16], "texture": "#0", "tintindex": 0},
				"south": {"uv": [0, 0, 16, 16], "texture": "#0", "tintindex": 0}
			}
		},
		{
			"from": [-2, -4, 19],
			"to": [14, 5, 19.01],
			"shade": false,
			"rotation": {"angle": 45, "axis": "y", "origin": [-8, -5, 9]},
			"faces": {
				"north": {"uv": [0, 0, 16, 9], "texture": "#0", "tintindex": 0, "cullface": "down"},
				"south": {"uv": [0, 0, 16, 9], "texture": "#0", "tintindex": 0, "cullface": "down"}
			}
		},
		{
			"from": [-7.675, -4, 27],
			"to": [1.325, 5, 27.01],
			"shade": false,
			"rotation": {"angle": 45, "axis": "y", "origin": [-16, -5, 17]},
			"faces": {
				"north": {"uv": [7, 7, 16, 16], "texture": "#0", "tintindex": 0, "cullface": "down"},
				"south": {"uv": [7, 7, 16, 16], "texture": "#0", "tintindex": 0, "cullface": "down"}
			}
		},
		{
			"from": [-7.675, 5, 27],
			"to": [1.325, 21, 27.01],
			"shade": false,
			"rotation": {"angle": 45, "axis": "y", "origin": [-16, 4, 17]},
			"faces": {
				"north": {"uv": [0, 0, 10, 16], "texture": "#0", "tintindex": 0},
				"south": {"uv": [7, 0, 16, 16], "texture": "#0", "tintindex": 0}
			}
		}
	],
	"groups": [0,
		{
			"name": "bushy_leaves",
			"origin": [8, 8, 8],
			"children": [1, 2, 3, 4, 5, 6, 7, 8]
		},
		{
			"name": "bushy_leaves2",
			"origin": [8, 8, 8],
			"children": [9, 10, 11, 12, 13, 14, 15, 16]
		}
	]
}
