{
	"credit": "made by Motschen",
	"textures": {
		"0": "block/oak_leaves",
		"particle": "#0"
	},
	"elements": [
		{
			"name": "normal_block",
			"from": [0, 0, 0],
			"to": [16, 16, 16],
			"shade": false,
			"faces": {
				"north": {"uv": [0, 0, 16, 16], "texture": "#0", "cullface": "north", "tintindex": 0},
				"east": {"uv": [0, 0, 16, 16], "texture": "#0", "cullface": "east", "tintindex": 0},
				"south": {"uv": [0, 0, 16, 16], "texture": "#0", "cullface": "south", "tintindex": 0},
				"west": {"uv": [0, 0, 16, 16], "texture": "#0", "cullface": "west", "tintindex": 0},
				"up": {"uv": [0, 0, 16, 16], "texture": "#0", "cullface": "up", "tintindex": 0},
				"down": {"uv": [0, 0, 16, 16], "texture": "#0", "cullface": "down", "tintindex": 0}
			}
		},
		{
			"from": [3.4, -6, 4.2],
			"to": [21.4, -3, 4.21],
			"shade": false,
			"rotation": {"angle": -22.5, "axis": "y", "origin": [3, 3, -3]},
			"faces": {
				"north": {"uv": [0, 8, 16, 11], "texture": "#0", "tintindex": 0, "cullface": "down"},
				"south": {"uv": [0, 1, 16, 4], "texture": "#0", "tintindex": 0, "cullface": "down"}
			}
		},
		{
			"from": [3.4, 20, 4.2],
			"to": [21.4, 23, 4.21],
			"shade": false,
			"rotation": {"angle": -22.5, "axis": "y", "origin": [3, 25, -3]},
			"faces": {
				"north": {"uv": [0, 3.05, 16, 5.95], "texture": "#0", "tintindex": 0, "cullface": "up"},
				"south": {"uv": [0, 3.05, 16, 5.95], "texture": "#0", "tintindex": 0, "cullface": "up"}
			}
		},
		{
			"from": [23.4, -1, 8.3],
			"to": [26.4, 18, 8.31],
			"shade": false,
			"rotation": {"angle": -22.5, "axis": "y", "origin": [13, 7, 1]},
			"faces": {
				"north": {"uv": [13, 0, 16, 16], "texture": "#0", "tintindex": 0, "cullface": "east"},
				"south": {"uv": [0.05, 0, 2.95, 16], "texture": "#0", "tintindex": 0, "cullface": "east"}
			}
		},
		{
			"from": [-1.6, -1, -0.5],
			"to": [1.4, 18, -0.49],
			"shade": false,
			"rotation": {"angle": -22.5, "axis": "y", "origin": [-8, 7, -8]},
			"faces": {
				"north": {"uv": [0.05, 0, 2.95, 16], "texture": "#0", "tintindex": 0, "cullface": "west"},
				"south": {"uv": [0, 0, 3, 16], "texture": "#0", "tintindex": 0, "cullface": "west"}
			}
		},
		{
			"from": [8, 4, 6.99],
			"to": [24, 20, 7],
			"shade": false,
			"rotation": {"angle": -22.5, "axis": "y", "origin": [10, 7, -1]},
			"faces": {
				"north": {"uv": [0, 0, 16, 16], "texture": "#0", "tintindex": 0},
				"south": {"uv": [0, 0, 16, 16], "texture": "#0", "tintindex": 0}
			}
		},
		{
			"from": [8, -3, 6.99],
			"to": [24, 4, 7],
			"shade": false,
			"rotation": {"angle": -22.5, "axis": "y", "origin": [10, 0, -1]},
			"faces": {
				"north": {"uv": [0, 0, 16, 7], "texture": "#0", "tintindex": 0, "cullface": "down"},
				"south": {"uv": [0, 0, 16, 7], "texture": "#0", "tintindex": 0, "cullface": "down"}
			}
		},
		{
			"from": [0, -3, 6.99],
			"to": [8, 4, 7],
			"shade": false,
			"rotation": {"angle": -22.5, "axis": "y", "origin": [10, 0, -1]},
			"faces": {
				"north": {"uv": [0, 0, 8, 7], "texture": "#0", "tintindex": 0, "cullface": "down"},
				"south": {"uv": [0, 0, 8, 7], "texture": "#0", "tintindex": 0, "cullface": "down"}
			}
		},
		{
			"from": [0, 4, 6.99],
			"to": [8, 20, 7],
			"shade": false,
			"rotation": {"angle": -22.5, "axis": "y", "origin": [10, 7, -1]},
			"faces": {
				"north": {"uv": [0.05, 0, 7.95, 16], "texture": "#0", "tintindex": 0},
				"south": {"uv": [0, 0, 8, 16], "texture": "#0", "tintindex": 0}
			}
		},
		{
			"from": [4.6, -7, -5],
			"to": [4.61, -4, 14],
			"shade": false,
			"rotation": {"angle": -22.5, "axis": "y", "origin": [-4, 4, 14]},
			"faces": {
				"east": {"uv": [0, 7, 16, 10], "texture": "#0", "tintindex": 0, "cullface": "down"},
				"west": {"uv": [0, 12, 16, 15], "texture": "#0", "tintindex": 0, "cullface": "down"}
			}
		},
		{
			"from": [5, 21, -6.4],
			"to": [5.01, 23, 12.6],
			"shade": false,
			"rotation": {"angle": -22.5, "axis": "y", "origin": [-5, 9, 13]},
			"faces": {
				"east": {"uv": [0, 14.05, 16, 15.95], "texture": "#0", "tintindex": 0, "cullface": "up"},
				"west": {"uv": [0, 14.05, 16, 15.95], "texture": "#0", "tintindex": 0, "cullface": "up"}
			}
		},
		{
			"from": [5, -2, -13],
			"to": [5.01, 19, -9],
			"shade": false,
			"rotation": {"angle": -22.5, "axis": "y", "origin": [-5, 4, 13]},
			"faces": {
				"east": {"uv": [9.05, 0, 12.95, 16], "texture": "#0", "tintindex": 0},
				"west": {"uv": [0, 0, 4, 16], "texture": "#0", "tintindex": 0}
			}
		},
		{
			"from": [2.25, -2, 17.85],
			"to": [2.26, 19, 20.85],
			"shade": false,
			"rotation": {"angle": -22.5, "axis": "y", "origin": [-1, 4, 20]},
			"faces": {
				"east": {"uv": [13, 0, 16, 16], "texture": "#0", "tintindex": 0},
				"west": {"uv": [0.05, 0, 2.95, 16], "texture": "#0", "tintindex": 0}
			}
		},
		{
			"from": [5, 5, -9],
			"to": [5.01, 21, 7],
			"shade": false,
			"rotation": {"angle": -22.5, "axis": "y", "origin": [-5, 4, 13]},
			"faces": {
				"east": {"uv": [0, 0, 16, 16], "texture": "#0", "tintindex": 0},
				"west": {"uv": [0, 0, 16, 16], "texture": "#0", "tintindex": 0}
			}
		},
		{
			"from": [5, -4, -9],
			"to": [5.01, 5, 7],
			"shade": false,
			"rotation": {"angle": -22.5, "axis": "y", "origin": [-5, -5, 13]},
			"faces": {
				"east": {"uv": [0, 0, 16, 9], "texture": "#0", "tintindex": 0, "cullface": "down"},
				"west": {"uv": [0, 0, 16, 9], "texture": "#0", "tintindex": 0, "cullface": "down"}
			}
		},
		{
			"from": [1.2, -4, 4.575],
			"to": [1.21, 5, 13.575],
			"shade": false,
			"rotation": {"angle": -22.5, "axis": "y", "origin": [-13, -5, 21]},
			"faces": {
				"east": {"uv": [7, 7, 16, 16], "texture": "#0", "tintindex": 0, "cullface": "down"},
				"west": {"uv": [7, 7, 16, 16], "texture": "#0", "tintindex": 0, "cullface": "down"}
			}
		},
		{
			"from": [1, 5, 4.575],
			"to": [1.01, 21, 13.575],
			"shade": false,
			"rotation": {"angle": -22.5, "axis": "y", "origin": [-13, 4, 21]},
			"faces": {
				"east": {"uv": [7, 0, 16, 16], "texture": "#0", "tintindex": 0},
				"west": {"uv": [0, 0, 10, 16], "texture": "#0", "tintindex": 0}
			}
		}
	],
	"groups": [0,
		{
			"name": "bushy_leaves",
			"origin": [8, 8, 8],
			"children": [1, 2, 3, 4, 5, 6, 7, 8]
		},
		{
			"name": "bushy_leaves2",
			"origin": [8, 8, 8],
			"children": [9, 10, 11, 12, 13, 14, 15, 16]
		}
	]
}
