{
	"credit": "Made with Blockbench",
	"textures": {
		"0": "block/oak_leaves",
		"2": "block/grass_block_snow",
		"particle": "#0"
	},
	"elements": [
		{
			"name": "normal_block",
			"from": [0, 0, 0],
			"to": [16, 11, 16],
			"shade": false,
			"faces": {
				"north": {"uv": [0, 5, 16, 16], "texture": "#0", "cullface": "north", "tintindex": 0},
				"east": {"uv": [0, 5, 16, 16], "texture": "#0", "cullface": "east", "tintindex": 0},
				"south": {"uv": [0, 5, 16, 16], "texture": "#0", "cullface": "south", "tintindex": 0},
				"west": {"uv": [0, 5, 16, 16], "texture": "#0", "cullface": "west", "tintindex": 0},
				"down": {"uv": [0, 0, 16, 16], "texture": "#0", "cullface": "down", "tintindex": 0}
			}
		},
		{
			"from": [2.4, -6, 5.2],
			"to": [20.4, -3, 5.21],
			"shade": false,
			"rotation": {"angle": -22.5, "axis": "y", "origin": [2, 3, -2]},
			"faces": {
				"north": {"uv": [0, 8, 16, 11], "texture": "#0", "tintindex": 0},
				"south": {"uv": [0, 1, 16, 4], "texture": "#0", "tintindex": 0}
			}
		},
		{
			"from": [22.4, -1, 9.3],
			"to": [25.4, 10, 9.31],
			"shade": false,
			"rotation": {"angle": -22.5, "axis": "y", "origin": [12, 7, 2]},
			"faces": {
				"north": {"uv": [13, 0, 16, 11], "texture": "#0", "tintindex": 0},
				"south": {"uv": [0.05, 0, 2.95, 16], "texture": "#0", "tintindex": 0}
			}
		},
		{
			"from": [21.4, 10, 9.3],
			"to": [24.4, 14, 9.31],
			"shade": false,
			"rotation": {"angle": -22.5, "axis": "y", "origin": [12, 7, 2]},
			"faces": {
				"north": {"uv": [11, 2, 14, 6], "texture": "#0", "tintindex": 0},
				"south": {"uv": [8, 4, 11, 8], "texture": "#0", "tintindex": 0}
			}
		},
		{
			"from": [-2.6, -1, 0.5],
			"to": [0.4, 10, 0.51],
			"shade": false,
			"rotation": {"angle": -22.5, "axis": "y", "origin": [-9, 7, -7]},
			"faces": {
				"north": {"uv": [1, 0, 4, 11], "texture": "#0", "tintindex": 0},
				"south": {"uv": [0, 0, 3, 11], "texture": "#0", "tintindex": 0}
			}
		},
		{
			"from": [-0.6, 10, 0.5],
			"to": [1.4, 13, 0.51],
			"shade": false,
			"rotation": {"angle": -22.5, "axis": "y", "origin": [-9, 7, -7]},
			"faces": {
				"north": {"uv": [1, 0, 3, 3], "texture": "#0", "tintindex": 0},
				"south": {"uv": [0, 0, 2, 3], "texture": "#0", "tintindex": 0}
			}
		},
		{
			"from": [7, 4, 7.99],
			"to": [23, 10, 8],
			"shade": false,
			"rotation": {"angle": -22.5, "axis": "y", "origin": [9, 7, 0]},
			"faces": {
				"north": {"uv": [0, 0, 16, 6], "texture": "#0", "tintindex": 0},
				"south": {"uv": [0, 0, 16, 6], "texture": "#0", "tintindex": 0}
			}
		},
		{
			"from": [7, -3, 7.99],
			"to": [23, 4, 8],
			"shade": false,
			"rotation": {"angle": -22.5, "axis": "y", "origin": [9, 0, 0]},
			"faces": {
				"north": {"uv": [0, 0, 16, 7], "texture": "#0", "tintindex": 0},
				"south": {"uv": [0, 0, 16, 7], "texture": "#0", "tintindex": 0}
			}
		},
		{
			"from": [-1, -3, 7.99],
			"to": [7, 4, 8],
			"shade": false,
			"rotation": {"angle": -22.5, "axis": "y", "origin": [9, 0, 0]},
			"faces": {
				"north": {"uv": [0, 0, 8, 7], "texture": "#0", "tintindex": 0},
				"south": {"uv": [0, 0, 8, 7], "texture": "#0", "tintindex": 0}
			}
		},
		{
			"from": [-1, 4, 7.99],
			"to": [7, 10, 8],
			"shade": false,
			"rotation": {"angle": -22.5, "axis": "y", "origin": [9, 7, 0]},
			"faces": {
				"north": {"uv": [0.05, 0, 8.05, 6], "texture": "#0", "tintindex": 0},
				"south": {"uv": [0, 0, 8, 6], "texture": "#0", "tintindex": 0}
			}
		},
		{
			"from": [-5, -6, 16.6],
			"to": [14, -4, 16.61],
			"shade": false,
			"rotation": {"angle": 45, "axis": "y", "origin": [-5, 4, 8]},
			"faces": {
				"north": {"uv": [0, 12, 16, 15], "texture": "#0", "tintindex": 0},
				"south": {"uv": [0, 7, 16, 10], "texture": "#0", "tintindex": 0}
			}
		},
		{
			"from": [16, -2, 17],
			"to": [20, 10, 17.01],
			"shade": false,
			"rotation": {"angle": 45, "axis": "y", "origin": [-6, 4, 7]},
			"faces": {
				"north": {"uv": [11, 4, 15, 16], "texture": "#0", "tintindex": 0},
				"south": {"uv": [9, 4, 13, 16], "texture": "#0", "tintindex": 0}
			}
		},
		{
			"from": [16, 10, 17],
			"to": [18, 14, 17.01],
			"shade": false,
			"rotation": {"angle": 45, "axis": "y", "origin": [-6, 4, 7]},
			"faces": {
				"north": {"uv": [11, 4, 13, 8], "texture": "#0", "tintindex": 0},
				"south": {"uv": [9, 4, 11, 8], "texture": "#0", "tintindex": 0}
			}
		},
		{
			"from": [-5.85, -2, 16.25],
			"to": [-2.85, 10, 16.26],
			"shade": false,
			"rotation": {"angle": 45, "axis": "y", "origin": [-2, 4, 14]},
			"faces": {
				"north": {"uv": [3, 0, 6, 12], "texture": "#0", "tintindex": 0},
				"south": {"uv": [13, 0, 16, 12], "texture": "#0", "tintindex": 0}
			}
		},
		{
			"from": [-4.85, 10, 16.25],
			"to": [-2.85, 14, 16.26],
			"shade": false,
			"rotation": {"angle": 45, "axis": "y", "origin": [-2, 4, 14]},
			"faces": {
				"north": {"uv": [3, 0, 5, 4], "texture": "#0", "tintindex": 0},
				"south": {"uv": [13, 0, 15, 4], "texture": "#0", "tintindex": 0}
			}
		},
		{
			"from": [0, 5, 17],
			"to": [16, 9, 17.01],
			"shade": false,
			"rotation": {"angle": 45, "axis": "y", "origin": [-6, 4, 7]},
			"faces": {
				"north": {"uv": [0, 9, 16, 13], "texture": "#0", "tintindex": 0},
				"south": {"uv": [0, 0, 16, 4], "texture": "#0", "tintindex": 0}
			}
		},
		{
			"from": [0, -4, 17],
			"to": [16, 5, 17.01],
			"shade": false,
			"rotation": {"angle": 45, "axis": "y", "origin": [-6, -5, 7]},
			"faces": {
				"north": {"uv": [0, 0, 16, 9], "texture": "#0", "tintindex": 0},
				"south": {"uv": [0, 0, 16, 9], "texture": "#0", "tintindex": 0}
			}
		},
		{
			"from": [-5.675, -4, 25],
			"to": [3.325, 5, 25.01],
			"shade": false,
			"rotation": {"angle": 45, "axis": "y", "origin": [-14, -5, 15]},
			"faces": {
				"north": {"uv": [7, 7, 16, 16], "texture": "#0", "tintindex": 0},
				"south": {"uv": [7, 7, 16, 16], "texture": "#0", "tintindex": 0}
			}
		},
		{
			"from": [-5.675, 5, 25],
			"to": [3.325, 9, 25.01],
			"shade": false,
			"rotation": {"angle": 45, "axis": "y", "origin": [-14, 4, 15]},
			"faces": {
				"north": {"uv": [7, 3, 16, 7], "texture": "#0", "tintindex": 0},
				"south": {"uv": [7, 0, 16, 4], "texture": "#0", "tintindex": 0}
			}
		},
		{
			"from": [0, 11, -0.01],
			"to": [16, 16, 15.99],
			"faces": {
				"north": {"uv": [0, 0, 16, 5], "texture": "#2"},
				"east": {"uv": [0, 0, 16, 5], "texture": "#2"},
				"south": {"uv": [0, 0, 16, 5], "texture": "#2"},
				"west": {"uv": [0, 0, 16, 5], "texture": "#2"}
			}
		},
		{
			"from": [5, 10, -0.1],
			"to": [15, 11, -0.1],
			"faces": {
				"north": {"uv": [1, 5, 11, 6], "texture": "#2"}
			}
		},
		{
			"from": [10, 9, -0.1],
			"to": [13, 10, -0.1],
			"faces": {
				"north": {"uv": [3, 6, 6, 7], "texture": "#2"}
			}
		},
		{
			"from": [1, 10, -0.1],
			"to": [3, 11, -0.1],
			"faces": {
				"north": {"uv": [13, 5, 15, 6], "texture": "#2"}
			}
		},
		{
			"from": [-0.1, 10, 1],
			"to": [-0.1, 11, 11],
			"faces": {
				"west": {"uv": [1, 5, 11, 6], "texture": "#2"}
			}
		},
		{
			"from": [-0.1, 9, 3],
			"to": [-0.1, 10, 6],
			"faces": {
				"west": {"uv": [3, 6, 6, 7], "texture": "#2"}
			}
		},
		{
			"from": [-0.1, 10, 13],
			"to": [-0.1, 11, 15],
			"faces": {
				"west": {"uv": [13, 5, 15, 6], "texture": "#2"}
			}
		},
		{
			"from": [1, 10, 16.1],
			"to": [11, 11, 16.1],
			"faces": {
				"south": {"uv": [1, 5, 11, 6], "texture": "#2"}
			}
		},
		{
			"from": [3, 9, 16.1],
			"to": [6, 10, 16.1],
			"faces": {
				"south": {"uv": [3, 6, 6, 7], "texture": "#2"}
			}
		},
		{
			"from": [13, 10, 16.1],
			"to": [15, 11, 16.1],
			"faces": {
				"south": {"uv": [13, 5, 15, 6], "texture": "#2"}
			}
		},
		{
			"from": [16.1, 10, 5],
			"to": [16.1, 11, 15],
			"faces": {
				"east": {"uv": [1, 5, 11, 6], "texture": "#2"}
			}
		},
		{
			"from": [16.1, 9, 10],
			"to": [16.1, 10, 13],
			"faces": {
				"east": {"uv": [3, 6, 6, 7], "texture": "#2"}
			}
		},
		{
			"from": [16.1, 10, 1],
			"to": [16.1, 11, 3],
			"faces": {
				"east": {"uv": [13, 5, 15, 6], "texture": "#2"}
			}
		},
		{
			"from": [-9, 9, 16.999],
			"to": [15, 20, 17.019],
			"shade": false,
			"rotation": {"angle": 45, "axis": "y", "origin": [-6, 4, 7]},
			"faces": {
				"north": {"uv": [0, 0, 16, 5], "texture": "#2"},
				"south": {"uv": [0, 0, 16, 5], "texture": "#2"}
			}
		},
		{
			"from": [14, 10, 16.999],
			"to": [16, 18, 17.019],
			"shade": false,
			"rotation": {"angle": 45, "axis": "y", "origin": [-6, 4, 7]},
			"faces": {
				"north": {"uv": [0, 1, 9, 5], "rotation": 270, "texture": "#2"},
				"south": {"uv": [7, 1, 16, 5], "rotation": 90, "texture": "#2"}
			}
		},
		{
			"from": [-10, 10, 17.02],
			"to": [-9, 18, 17.04],
			"shade": false,
			"rotation": {"angle": 45, "axis": "y", "origin": [-6, 4, 7]},
			"faces": {
				"north": {"uv": [4, 1, 13, 5], "rotation": 90, "texture": "#2"},
				"south": {"uv": [0, 2, 9, 5], "rotation": 270, "texture": "#2"}
			}
		},
		{
			"from": [-11, 8, 17.02],
			"to": [-9, 10, 17.04],
			"shade": false,
			"rotation": {"angle": 45, "axis": "y", "origin": [-6, 4, 7]},
			"faces": {
				"north": {"uv": [11, 3, 13, 5], "rotation": 90, "texture": "#2"},
				"south": {"uv": [14, 3, 16, 5], "rotation": 270, "texture": "#2"}
			}
		},
		{
			"from": [1.3, 10, 5.15],
			"to": [21.3, 19, 5.17],
			"shade": false,
			"rotation": {"angle": -22.5, "axis": "y", "origin": [2, 25, -2]},
			"faces": {
				"north": {"uv": [0, 0, 16, 5], "texture": "#2"},
				"south": {"uv": [0, 1, 16, 3.9], "texture": "#2"}
			}
		},
		{
			"from": [20.3, 10, 5.16],
			"to": [22.3, 17, 5.18],
			"shade": false,
			"rotation": {"angle": -22.5, "axis": "y", "origin": [2, 25, -2]},
			"faces": {
				"north": {"uv": [0, 2, 8, 6], "rotation": 270, "texture": "#2"},
				"south": {"uv": [8, 1, 16, 5], "rotation": 90, "texture": "#2"}
			}
		},
		{
			"from": [0.3, 10, 5.088],
			"to": [2.3, 17, 5.108],
			"shade": false,
			"rotation": {"angle": -22.5, "axis": "y", "origin": [2, 25, -2]},
			"faces": {
				"north": {"uv": [8, 1, 16, 5], "rotation": 90, "texture": "#2"},
				"south": {"uv": [0, 1, 8, 5], "rotation": 270, "texture": "#2"}
			}
		}
	],
	"groups": [0,
		{
			"name": "bushy_leaves",
			"origin": [8, 8, 8],
			"children": [1, 2, 3, 4, 5, 6, 7, 8, 9]
		},
		{
			"name": "bushy_leaves2",
			"origin": [8, 8, 8],
			"children": [10, 11, 12, 13, 14, 15, 16, 17, 18]
		},
		{
			"name": "snow",
			"origin": [8, 8, 8],
			"children": [19,
				{
					"name": "north",
					"origin": [8, 8, 8],
					"children": [20, 21, 22]
				},
				{
					"name": "west",
					"origin": [8, 8, 8],
					"children": [23, 24, 25]
				},
				{
					"name": "south",
					"origin": [8, 8, 8],
					"children": [26, 27, 28]
				},
				{
					"name": "east",
					"origin": [8, 8, 8],
					"children": [29, 30, 31]
				},
				{
					"name": "top1",
					"origin": [8, 8, 8],
					"children": [32, 33, 34, 35]
				},
				{
					"name": "top2",
					"origin": [8, 8, 8],
					"children": [36, 37, 38]
				}
			]
		}
	]
}
